month,package,degree,in_degree,out_degree,betweenness
2011-07,markdown2,0,0,0,0.0
2011-08,markdown2,0,0,0,0.0
2011-09,markdown2,0,0,0,0.0
2011-10,markdown2,0,0,0,0.0
2011-11,markdown2,0,0,0,0.0
2011-12,markdown2,0,0,0,0.0
2011-12,ipython,0,0,0,0.0
2012-01,markdown2,0,0,0,0.0
2012-01,ipython,0,0,0,0.0
2012-02,markdown2,0,0,0,0.0
2012-02,ipython,0,0,0,0.0
2012-03,markdown2,0,0,0,0.0
2012-03,ipython,0,0,0,0.0
2012-04,markdown2,0,0,0,0.0
2012-04,ipython,0,0,0,0.0
2012-05,markdown2,0,0,0,0.0
2012-05,ipython,0,0,0,0.0
2012-06,markdown2,0,0,0,0.0
2012-06,ipython,0,0,0,0.0
2012-07,markdown2,0,0,0,0.0
2012-07,ipython,0,0,0,0.0
2012-08,markdown2,0,0,0,0.0
2012-08,ipython,0,0,0,0.0
2012-09,markdown2,0,0,0,0.0
2012-09,ipython,0,0,0,0.0
2012-10,markdown2,0,0,0,0.0
2012-10,ipython,0,0,0,0.0
2012-11,markdown2,0,0,0,0.0
2012-11,ipython,0,0,0,0.0
2012-12,markdown2,0,0,0,0.0
2012-12,ipython,0,0,0,0.0
2013-01,markdown2,0,0,0,0.0
2013-01,ipython,0,0,0,0.0
2013-02,markdown2,0,0,0,0.0
2013-02,ipython,0,0,0,0.0
2013-03,markdown2,0,0,0,0.0
2013-03,ipython,0,0,0,0.0
2013-04,markdown2,0,0,0,0.0
2013-04,ipython,0,0,0,0.0
2013-05,markdown2,0,0,0,0.0
2013-05,ipython,0,0,0,0.0
2013-06,markdown2,0,0,0,0.0
2013-06,ipython,0,0,0,0.0
2013-07,markdown2,0,0,0,0.0
2013-07,ipython,0,0,0,0.0
2013-08,markdown2,0,0,0,0.0
2013-08,ipython,0,0,0,0.0
2013-09,markdown2,0,0,0,0.0
2013-09,ipython,0,0,0,0.0
2013-10,markdown2,0,0,0,0.0
2013-10,ipython,0,0,0,0.0
2013-11,markdown2,0,0,0,0.0
2013-11,ipython,0,0,0,0.0
2013-12,markdown2,0,0,0,0.0
2013-12,ipython,0,0,0,0.0
2014-01,markdown2,0,0,0,0.0
2014-01,ipython,0,0,0,0.0
2014-02,markdown2,0,0,0,0.0
2014-02,ipython,0,0,0,0.0
2014-03,markdown2,0,0,0,0.0
2014-03,ipython,0,0,0,0.0
2014-04,markdown2,0,0,0,0.0
2014-04,ipython,0,0,0,0.0
2014-05,markdown2,0,0,0,0.0
2014-05,ipython,0,0,0,0.0
2014-06,markdown2,0,0,0,0.0
2014-06,ipython,0,0,0,0.0
2014-07,markdown2,0,0,0,0.0
2014-07,cryptography,0,0,0,0.0
2014-07,ipython,0,0,0,0.0
2014-08,markdown2,0,0,0,0.0
2014-08,cryptography,0,0,0,0.0
2014-08,ipython,0,0,0,0.0
2014-09,numpy,0,0,0,0.0
2014-09,cryptography,0,0,0,0.0
2014-09,markdown2,0,0,0,0.0
2014-09,ipython,0,0,0,0.0
2014-10,numpy,0,0,0,0.0
2014-10,cryptography,0,0,0,0.0
2014-10,markdown2,0,0,0,0.0
2014-10,ipython,0,0,0,0.0
2014-11,numpy,0,0,0,0.0
2014-11,cryptography,0,0,0,0.0
2014-11,markdown2,0,0,0,0.0
2014-11,ipython,0,0,0,0.0
2014-12,numpy,0,0,0,0.0
2014-12,cryptography,0,0,0,0.0
2014-12,markdown2,0,0,0,0.0
2014-12,ipython,0,0,0,0.0
2015-01,numpy,0,0,0,0.0
2015-01,cryptography,0,0,0,0.0
2015-01,markdown2,0,0,0,0.0
2015-01,ipython,0,0,0,0.0
2015-02,numpy,0,0,0,0.0
2015-02,cryptography,0,0,0,0.0
2015-02,markdown2,0,0,0,0.0
2015-02,ipython,0,0,0,0.0
2015-03,numpy,0,0,0,0.0
2015-03,cryptography,0,0,0,0.0
2015-03,markdown2,0,0,0,0.0
2015-03,ipython,0,0,0,0.0
2015-04,numpy,0,0,0,0.0
2015-04,cryptography,0,0,0,0.0
2015-04,markdown2,0,0,0,0.0
2015-04,ipython,0,0,0,0.0
2015-05,numpy,0,0,0,0.0
2015-05,cryptography,0,0,0,0.0
2015-05,markdown2,0,0,0,0.0
2015-05,ipython,0,0,0,0.0
2015-06,numpy,0,0,0,0.0
2015-06,cryptography,0,0,0,0.0
2015-06,markdown2,0,0,0,0.0
2015-06,ipython,0,0,0,0.0
2015-07,numpy,0,0,0,0.0
2015-07,cryptography,0,0,0,0.0
2015-07,markdown2,0,0,0,0.0
2015-08,numpy,0,0,0,0.0
2015-08,cryptography,0,0,0,0.0
2015-08,markdown2,0,0,0,0.0
2015-09,numpy,0,0,0,0.0
2015-09,cryptography,0,0,0,0.0
2015-09,markdown2,0,0,0,0.0
2015-10,numpy,0,0,0,0.0
2015-10,cryptography,0,0,0,0.0
2015-10,markdown2,0,0,0,0.0
2015-11,numpy,0,0,0,0.0
2015-11,cryptography,0,0,0,0.0
2015-11,markdown2,0,0,0,0.0
2015-12,numpy,0,0,0,0.0
2015-12,cryptography,0,0,0,0.0
2015-12,markdown2,0,0,0,0.0
2016-01,numpy,0,0,0,0.0
2016-01,cryptography,0,0,0,0.0
2016-01,markdown2,0,0,0,0.0
2016-02,numpy,0,0,0,0.0
2016-02,cryptography,0,0,0,0.0
2016-02,markdown2,0,0,0,0.0
2016-03,numpy,0,0,0,0.0
2016-03,cryptography,0,0,0,0.0
2016-03,markdown2,0,0,0,0.0
2016-04,numpy,0,0,0,0.0
2016-04,cryptography,0,0,0,0.0
2016-04,tqdm,0,0,0,0.0
2016-04,markdown2,0,0,0,0.0
2016-05,numpy,0,0,0,0.0
2016-05,cryptography,0,0,0,0.0
2016-05,tqdm,0,0,0,0.0
2016-05,markdown2,0,0,0,0.0
2016-06,numpy,0,0,0,0.0
2016-06,cryptography,0,0,0,0.0
2016-06,tqdm,0,0,0,0.0
2016-06,markdown2,0,0,0,0.0
2016-07,numpy,0,0,0,0.0
2016-07,cryptography,0,0,0,0.0
2016-07,tqdm,0,0,0,0.0
2016-07,markdown2,0,0,0,0.0
2016-08,numpy,0,0,0,0.0
2016-08,cryptography,0,0,0,0.0
2016-08,tqdm,0,0,0,0.0
2016-08,markdown2,0,0,0,0.0
2016-09,numpy,0,0,0,0.0
2016-09,tqdm,0,0,0,0.0
2016-09,cryptography,0,0,0,0.0
2016-09,markdown2,0,0,0,0.0
2016-09,urllib3,0,0,0,0.0
2016-10,numpy,0,0,0,0.0
2016-10,aiohttp,0,0,0,0.0
2016-10,tqdm,0,0,0,0.0
2016-10,cryptography,0,0,0,0.0
2016-10,markdown2,0,0,0,0.0
2016-10,urllib3,0,0,0,0.0
2016-11,numpy,0,0,0,0.0
2016-11,aiohttp,0,0,0,0.0
2016-11,tqdm,0,0,0,0.0
2016-11,cryptography,0,0,0,0.0
2016-11,markdown2,0,0,0,0.0
2016-12,numpy,0,0,0,0.0
2016-12,aiohttp,0,0,0,0.0
2016-12,tqdm,0,0,0,0.0
2016-12,cryptography,0,0,0,0.0
2016-12,markdown2,0,0,0,0.0
2017-01,numpy,0,0,0,0.0
2017-01,aiohttp,0,0,0,0.0
2017-01,tqdm,0,0,0,0.0
2017-01,cryptography,0,0,0,0.0
2017-01,markdown2,0,0,0,0.0
2017-02,tensorflow,0,0,0,0.0
2017-02,numpy,0,0,0,0.0
2017-02,aiohttp,0,0,0,0.0
2017-02,tqdm,0,0,0,0.0
2017-02,cryptography,0,0,0,0.0
2017-02,markdown2,0,0,0,0.0
2017-03,tensorflow,0,0,0,0.0
2017-03,numpy,0,0,0,0.0
2017-03,aiohttp,0,0,0,0.0
2017-03,tqdm,0,0,0,0.0
2017-03,cryptography,0,0,0,0.0
2017-03,markdown2,0,0,0,0.0
2017-04,tensorflow,0,0,0,0.0
2017-04,numpy,0,0,0,0.0
2017-04,aiohttp,0,0,0,0.0
2017-04,tqdm,0,0,0,0.0
2017-04,cryptography,0,0,0,0.0
2017-04,markdown2,0,0,0,0.0
2017-05,tensorflow,0,0,0,0.0
2017-05,numpy,0,0,0,0.0
2017-05,aiohttp,0,0,0,0.0
2017-05,tqdm,0,0,0,0.0
2017-05,cryptography,0,0,0,0.0
2017-05,markdown2,0,0,0,0.0
2017-06,tensorflow,0,0,0,0.0
2017-06,numpy,0,0,0,0.0
2017-06,aiohttp,0,0,0,0.0
2017-06,tqdm,0,0,0,0.0
2017-06,cryptography,0,0,0,0.0
2017-06,markdown2,0,0,0,0.0
2017-07,tensorflow,0,0,0,0.0
2017-07,numpy,0,0,0,0.0
2017-07,aiohttp,0,0,0,0.0
2017-07,pyspark,0,0,0,0.0
2017-07,tqdm,0,0,0,0.0
2017-07,markdown2,0,0,0,0.0
2017-07,cryptography,0,0,0,0.0
2017-08,tensorflow,0,0,0,0.0
2017-08,numpy,0,0,0,0.0
2017-08,aiohttp,0,0,0,0.0
2017-08,pyspark,0,0,0,0.0
2017-08,tqdm,0,0,0,0.0
2017-08,markdown2,0,0,0,0.0
2017-08,cryptography,0,0,0,0.0
2017-09,tensorflow,0,0,0,0.0
2017-09,numpy,0,0,0,0.0
2017-09,aiohttp,0,0,0,0.0
2017-09,pyspark,0,0,0,0.0
2017-09,tqdm,0,0,0,0.0
2017-09,markdown2,0,0,0,0.0
2017-09,cryptography,0,0,0,0.0
2017-10,tensorflow,0,0,0,0.0
2017-10,numpy,0,0,0,0.0
2017-10,aiohttp,0,0,0,0.0
2017-10,pyspark,0,0,0,0.0
2017-10,tqdm,0,0,0,0.0
2017-10,markdown2,0,0,0,0.0
2017-10,cryptography,0,0,0,0.0
2017-11,tensorflow,0,0,0,0.0
2017-11,numpy,0,0,0,0.0
2017-11,aiohttp,0,0,0,0.0
2017-11,pyspark,0,0,0,0.0
2017-11,tqdm,0,0,0,0.0
2017-11,markdown2,0,0,0,0.0
2017-11,cryptography,0,0,0,0.0
2017-11,websockets,0,0,0,0.0
2017-12,tensorflow,0,0,0,0.0
2017-12,numpy,0,0,0,0.0
2017-12,aiohttp,0,0,0,0.0
2017-12,pyspark,0,0,0,0.0
2017-12,tqdm,0,0,0,0.0
2017-12,markdown2,0,0,0,0.0
2017-12,cryptography,0,0,0,0.0
2017-12,websockets,0,0,0,0.0
2018-01,tensorflow,0,0,0,0.0
2018-01,numpy,0,0,0,0.0
2018-01,aiohttp,0,0,0,0.0
2018-01,pyspark,0,0,0,0.0
2018-01,tqdm,0,0,0,0.0
2018-01,markdown2,0,0,0,0.0
2018-01,cryptography,0,0,0,0.0
2018-01,websockets,0,0,0,0.0
2018-02,tensorflow,0,0,0,0.0
2018-02,numpy,0,0,0,0.0
2018-02,aiohttp,0,0,0,0.0
2018-02,pyspark,0,0,0,0.0
2018-02,tqdm,0,0,0,0.0
2018-02,markdown2,0,0,0,0.0
2018-02,cryptography,0,0,0,0.0
2018-02,websockets,0,0,0,0.0
2018-03,tensorflow,0,0,0,0.0
2018-03,numpy,0,0,0,0.0
2018-03,aiohttp,0,0,0,0.0
2018-03,pyspark,0,0,0,0.0
2018-03,tqdm,0,0,0,0.0
2018-03,markdown2,0,0,0,0.0
2018-03,cryptography,0,0,0,0.0
2018-03,websockets,0,0,0,0.0
2018-04,tensorflow,0,0,0,0.0
2018-04,numpy,0,0,0,0.0
2018-04,aiohttp,0,0,0,0.0
2018-04,pyspark,0,0,0,0.0
2018-04,tqdm,0,0,0,0.0
2018-04,markdown2,0,0,0,0.0
2018-04,cryptography,0,0,0,0.0
2018-04,websockets,0,0,0,0.0
2018-05,tensorflow,0,0,0,0.0
2018-05,numpy,0,0,0,0.0
2018-05,aiohttp,0,0,0,0.0
2018-05,pyspark,0,0,0,0.0
2018-05,tqdm,0,0,0,0.0
2018-05,markdown2,0,0,0,0.0
2018-05,cryptography,0,0,0,0.0
2018-05,websockets,0,0,0,0.0
2018-06,tensorflow,0,0,0,0.0
2018-06,numpy,0,0,0,0.0
2018-06,aiohttp,0,0,0,0.0
2018-06,pyspark,0,0,0,0.0
2018-06,tqdm,0,0,0,0.0
2018-06,markdown2,0,0,0,0.0
2018-06,cryptography,0,0,0,0.0
2018-07,tensorflow,0,0,0,0.0
2018-07,numpy,0,0,0,0.0
2018-07,aiohttp,0,0,0,0.0
2018-07,pyspark,0,0,0,0.0
2018-07,tqdm,0,0,0,0.0
2018-07,markdown2,0,0,0,0.0
2018-07,cryptography,0,0,0,0.0
2018-08,tensorflow,0,0,0,0.0
2018-08,numpy,1,1,0,0.0
2018-08,aiohttp,1,1,0,0.0
2018-08,pyspark,0,0,0,0.0
2018-08,tqdm,0,0,0,0.0
2018-08,mlflow,3,0,3,0.14285714285714285
2018-08,markdown2,0,0,0,0.0
2018-08,cryptography,1,1,0,0.0
2018-09,tensorflow,0,0,0,0.0
2018-09,numpy,1,1,0,0.0
2018-09,aiohttp,1,1,0,0.0
2018-09,pyspark,0,0,0,0.0
2018-09,tqdm,0,0,0,0.0
2018-09,mlflow,3,0,3,0.14285714285714285
2018-09,markdown2,0,0,0,0.0
2018-09,cryptography,1,1,0,0.0
2018-10,tensorflow,0,0,0,0.0
2018-10,numpy,1,1,0,0.0
2018-10,aiohttp,1,1,0,0.0
2018-10,tqdm,0,0,0,0.0
2018-10,mlflow,3,0,3,0.2
2018-10,markdown2,0,0,0,0.0
2018-10,cryptography,1,1,0,0.0
2018-11,tensorflow,0,0,0,0.0
2018-11,numpy,1,1,0,0.0
2018-11,aiohttp,1,1,0,0.0
2018-11,tqdm,0,0,0,0.0
2018-11,sqlalchemy,1,1,0,0.0
2018-11,mlflow,4,0,4,0.2857142857142857
2018-11,markdown2,0,0,0,0.0
2018-11,cryptography,1,1,0,0.0
2018-12,tensorflow,0,0,0,0.0
2018-12,numpy,1,1,0,0.0
2018-12,aiohttp,1,1,0,0.0
2018-12,tqdm,0,0,0,0.0
2018-12,sqlalchemy,1,1,0,0.0
2018-12,mlflow,4,0,4,0.2857142857142857
2018-12,markdown2,0,0,0,0.0
2018-12,cryptography,1,1,0,0.0
2019-01,tensorflow,0,0,0,0.0
2019-01,numpy,1,1,0,0.0
2019-01,aiohttp,1,1,0,0.0
2019-01,tqdm,0,0,0,0.0
2019-01,sqlalchemy,1,1,0,0.0
2019-01,mlflow,4,0,4,0.2857142857142857
2019-01,markdown2,0,0,0,0.0
2019-01,cryptography,1,1,0,0.0
2019-02,tensorflow,0,0,0,0.0
2019-02,numpy,1,1,0,0.0
2019-02,aiohttp,1,1,0,0.0
2019-02,tqdm,0,0,0,0.0
2019-02,sqlalchemy,1,1,0,0.0
2019-02,mlflow,4,0,4,0.2857142857142857
2019-02,markdown2,0,0,0,0.0
2019-02,cryptography,1,1,0,0.0
2019-03,tensorflow,0,0,0,0.0
2019-03,numpy,1,1,0,0.0
2019-03,aiohttp,1,1,0,0.0
2019-03,tqdm,0,0,0,0.0
2019-03,mlflow,3,0,3,0.14285714285714285
2019-03,pyyaml,0,0,0,0.0
2019-03,markdown2,0,0,0,0.0
2019-03,cryptography,1,1,0,0.0
2019-04,tensorflow,0,0,0,0.0
2019-04,numpy,1,1,0,0.0
2019-04,aiohttp,1,1,0,0.0
2019-04,tqdm,0,0,0,0.0
2019-04,mlflow,3,0,3,0.10714285714285714
2019-04,pyyaml,0,0,0,0.0
2019-04,markdown2,0,0,0,0.0
2019-04,cryptography,1,1,0,0.0
2019-04,urllib3,0,0,0,0.0
2019-05,tensorflow,0,0,0,0.0
2019-05,numpy,1,1,0,0.0
2019-05,aiohttp,1,1,0,0.0
2019-05,tqdm,0,0,0,0.0
2019-05,mlflow,3,0,3,0.10714285714285714
2019-05,pyyaml,0,0,0,0.0
2019-05,markdown2,0,0,0,0.0
2019-05,cryptography,1,1,0,0.0
2019-05,urllib3,0,0,0,0.0
2019-06,tensorflow,0,0,0,0.0
2019-06,numpy,1,1,0,0.0
2019-06,aiohttp,1,1,0,0.0
2019-06,tqdm,0,0,0,0.0
2019-06,mlflow,3,0,3,0.10714285714285714
2019-06,pyyaml,0,0,0,0.0
2019-06,markdown2,0,0,0,0.0
2019-06,cryptography,1,1,0,0.0
2019-06,urllib3,0,0,0,0.0
2019-07,pyarrow,1,1,0,0.0
2019-07,tensorflow,0,0,0,0.0
2019-07,numpy,1,1,0,0.0
2019-07,aiohttp,1,1,0,0.0
2019-07,tqdm,0,0,0,0.0
2019-07,mlflow,4,0,4,0.16666666666666666
2019-07,pyyaml,0,0,0,0.0
2019-07,markdown2,0,0,0,0.0
2019-07,cryptography,1,1,0,0.0
2019-07,urllib3,0,0,0,0.0
2019-08,pyarrow,1,1,0,0.0
2019-08,tensorflow,0,0,0,0.0
2019-08,numpy,1,1,0,0.0
2019-08,aiohttp,1,1,0,0.0
2019-08,tqdm,0,0,0,0.0
2019-08,mlflow,4,0,4,0.16666666666666666
2019-08,pyyaml,0,0,0,0.0
2019-08,markdown2,0,0,0,0.0
2019-08,cryptography,1,1,0,0.0
2019-08,urllib3,0,0,0,0.0
2019-09,pyarrow,1,1,0,0.0
2019-09,tensorflow,0,0,0,0.0
2019-09,numpy,1,1,0,0.0
2019-09,aiohttp,1,1,0,0.0
2019-09,tqdm,0,0,0,0.0
2019-09,mlflow,4,0,4,0.16666666666666666
2019-09,pyyaml,0,0,0,0.0
2019-09,markdown2,0,0,0,0.0
2019-09,cryptography,1,1,0,0.0
2019-09,urllib3,0,0,0,0.0
2019-10,pyarrow,1,1,0,0.0
2019-10,tensorflow,0,0,0,0.0
2019-10,numpy,1,1,0,0.0
2019-10,aiohttp,1,1,0,0.0
2019-10,tqdm,0,0,0,0.0
2019-10,mlflow,4,0,4,0.16666666666666666
2019-10,pyyaml,0,0,0,0.0
2019-10,markdown2,0,0,0,0.0
2019-10,cryptography,1,1,0,0.0
2019-10,urllib3,0,0,0,0.0
2019-11,pyarrow,1,1,0,0.0
2019-11,tensorflow,0,0,0,0.0
2019-11,numpy,1,1,0,0.0
2019-11,aiohttp,1,1,0,0.0
2019-11,tqdm,0,0,0,0.0
2019-11,mlflow,4,0,4,0.16666666666666666
2019-11,pyyaml,0,0,0,0.0
2019-11,markdown2,0,0,0,0.0
2019-11,cryptography,1,1,0,0.0
2019-11,urllib3,0,0,0,0.0
2019-12,pyarrow,1,1,0,0.0
2019-12,tensorflow,0,0,0,0.0
2019-12,numpy,1,1,0,0.0
2019-12,aiohttp,1,1,0,0.0
2019-12,tqdm,0,0,0,0.0
2019-12,mlflow,4,0,4,0.16666666666666666
2019-12,pyyaml,0,0,0,0.0
2019-12,markdown2,0,0,0,0.0
2019-12,cryptography,1,1,0,0.0
2019-12,urllib3,0,0,0,0.0
2020-01,pyarrow,1,1,0,0.0
2020-01,tensorflow,0,0,0,0.0
2020-01,numpy,1,1,0,0.0
2020-01,aiohttp,1,1,0,0.0
2020-01,waitress,1,1,0,0.0
2020-01,tqdm,0,0,0,0.0
2020-01,mlflow,5,0,5,0.22222222222222224
2020-01,pyyaml,0,0,0,0.0
2020-01,markdown2,0,0,0,0.0
2020-01,cryptography,1,1,0,0.0
2020-01,urllib3,0,0,0,0.0
2020-02,pyarrow,1,1,0,0.0
2020-02,tensorflow,0,0,0,0.0
2020-02,numpy,1,1,0,0.0
2020-02,aiohttp,1,1,0,0.0
2020-02,waitress,1,1,0,0.0
2020-02,tqdm,0,0,0,0.0
2020-02,mlflow,5,0,5,0.22222222222222224
2020-02,pyyaml,0,0,0,0.0
2020-02,markdown2,0,0,0,0.0
2020-02,cryptography,1,1,0,0.0
2020-02,urllib3,0,0,0,0.0
2020-03,pyarrow,1,1,0,0.0
2020-03,tensorflow,0,0,0,0.0
2020-03,numpy,1,1,0,0.0
2020-03,aiohttp,1,1,0,0.0
2020-03,tqdm,0,0,0,0.0
2020-03,mlflow,4,0,4,0.16666666666666666
2020-03,pyyaml,0,0,0,0.0
2020-03,markdown2,0,0,0,0.0
2020-03,cryptography,1,1,0,0.0
2020-03,urllib3,0,0,0,0.0
2020-04,pyarrow,2,2,0,0.037037037037037035
2020-04,tensorflow,0,0,0,0.0
2020-04,numpy,2,2,0,0.037037037037037035
2020-04,aiohttp,1,1,0,0.0
2020-04,tqdm,0,0,0,0.0
2020-04,mlflow,4,0,4,0.18055555555555555
2020-04,markdown2,0,0,0,0.0
2020-04,cryptography,2,2,0,0.037037037037037035
2020-04,urllib3,1,1,0,0.0
2020-04,snowflake-connector-python,4,0,4,0.18055555555555555
2020-05,pyarrow,2,2,0,0.02962962962962963
2020-05,tensorflow,0,0,0,0.0
2020-05,numpy,2,2,0,0.02962962962962963
2020-05,aiohttp,1,1,0,0.0
2020-05,tensorflow-cpu,0,0,0,0.0
2020-05,tqdm,0,0,0,0.0
2020-05,mlflow,4,0,4,0.14444444444444446
2020-05,markdown2,0,0,0,0.0
2020-05,cryptography,2,2,0,0.02962962962962963
2020-05,urllib3,1,1,0,0.0
2020-05,snowflake-connector-python,4,0,4,0.14444444444444446
2020-06,deepdiff,1,0,1,0.0
2020-06,pyarrow,2,2,0,0.02424242424242424
2020-06,tensorflow,0,0,0,0.0
2020-06,numpy,3,3,0,0.1333333333333333
2020-06,aiohttp,1,1,0,0.0
2020-06,tensorflow-cpu,0,0,0,0.0
2020-06,tqdm,0,0,0,0.0
2020-06,mlflow,4,0,4,0.15454545454545454
2020-06,markdown2,0,0,0,0.0
2020-06,cryptography,2,2,0,0.02424242424242424
2020-06,urllib3,1,1,0,0.0
2020-06,snowflake-connector-python,4,0,4,0.15454545454545454
2020-07,deepdiff,1,0,1,0.0
2020-07,pyarrow,3,3,0,0.02991452991452991
2020-07,tensorflow,0,0,0,0.0
2020-07,numpy,4,4,0,0.11965811965811966
2020-07,aiohttp,1,1,0,0.0
2020-07,tensorflow-cpu,0,0,0,0.0
2020-07,tqdm,0,0,0,0.0
2020-07,mlflow,4,0,4,0.1175213675213675
2020-07,streamlit,5,1,4,0.008547008547008546
2020-07,markdown2,0,0,0,0.0
2020-07,cryptography,2,2,0,0.017094017094017092
2020-07,urllib3,1,1,0,0.0
2020-07,snowflake-connector-python,5,1,4,0.13034188034188032
2020-07,starlette,0,0,0,0.0
2020-08,deepdiff,1,0,1,0.0
2020-08,pyarrow,3,3,0,0.02991452991452991
2020-08,tensorflow,0,0,0,0.0
2020-08,numpy,4,4,0,0.11965811965811966
2020-08,aiohttp,1,1,0,0.0
2020-08,tensorflow-cpu,0,0,0,0.0
2020-08,tqdm,0,0,0,0.0
2020-08,mlflow,4,0,4,0.1175213675213675
2020-08,streamlit,5,1,4,0.008547008547008546
2020-08,markdown2,0,0,0,0.0
2020-08,cryptography,2,2,0,0.017094017094017092
2020-08,urllib3,1,1,0,0.0
2020-08,snowflake-connector-python,5,1,4,0.13034188034188032
2020-08,starlette,0,0,0,0.0
2020-09,deepdiff,1,0,1,0.0
2020-09,pyarrow,3,3,0,0.02991452991452991
2020-09,tensorflow,0,0,0,0.0
2020-09,numpy,4,4,0,0.11965811965811966
2020-09,aiohttp,1,1,0,0.0
2020-09,tensorflow-cpu,0,0,0,0.0
2020-09,tqdm,0,0,0,0.0
2020-09,mlflow,4,0,4,0.1175213675213675
2020-09,streamlit,5,1,4,0.008547008547008546
2020-09,markdown2,0,0,0,0.0
2020-09,cryptography,2,2,0,0.017094017094017092
2020-09,urllib3,1,1,0,0.0
2020-09,snowflake-connector-python,5,1,4,0.13034188034188032
2020-09,starlette,0,0,0,0.0
2020-10,deepdiff,1,0,1,0.0
2020-10,pyarrow,3,3,0,0.02991452991452991
2020-10,tensorflow,0,0,0,0.0
2020-10,numpy,4,4,0,0.11965811965811966
2020-10,aiohttp,1,1,0,0.0
2020-10,tensorflow-cpu,0,0,0,0.0
2020-10,tqdm,0,0,0,0.0
2020-10,mlflow,4,0,4,0.1175213675213675
2020-10,streamlit,5,1,4,0.008547008547008546
2020-10,markdown2,0,0,0,0.0
2020-10,cryptography,2,2,0,0.017094017094017092
2020-10,urllib3,1,1,0,0.0
2020-10,snowflake-connector-python,5,1,4,0.13034188034188032
2020-10,starlette,0,0,0,0.0
2020-11,deepdiff,1,0,1,0.0
2020-11,pyarrow,3,3,0,0.02991452991452991
2020-11,tensorflow,0,0,0,0.0
2020-11,numpy,4,4,0,0.11965811965811966
2020-11,aiohttp,1,1,0,0.0
2020-11,tensorflow-cpu,0,0,0,0.0
2020-11,tqdm,0,0,0,0.0
2020-11,mlflow,4,0,4,0.1175213675213675
2020-11,streamlit,5,1,4,0.008547008547008546
2020-11,markdown2,0,0,0,0.0
2020-11,cryptography,2,2,0,0.017094017094017092
2020-11,urllib3,1,1,0,0.0
2020-11,snowflake-connector-python,5,1,4,0.13034188034188032
2020-11,starlette,0,0,0,0.0
2020-12,deepdiff,1,0,1,0.0
2020-12,pyarrow,3,3,0,0.023809523809523815
2020-12,tensorflow,0,0,0,0.0
2020-12,numpy,5,5,0,0.17124542124542128
2020-12,aiohttp,1,1,0,0.0
2020-12,tensorflow-cpu,0,0,0,0.0
2020-12,tqdm,0,0,0,0.0
2020-12,mlflow,4,0,4,0.11813186813186816
2020-12,clearml,2,0,2,0.016483516483516484
2020-12,streamlit,5,1,4,0.010073260073260074
2020-12,markdown2,0,0,0,0.0
2020-12,cryptography,2,2,0,0.012820512820512822
2020-12,urllib3,2,2,0,0.011904761904761904
2020-12,snowflake-connector-python,5,1,4,0.10805860805860805
2020-12,starlette,0,0,0,0.0
2021-01,deepdiff,1,0,1,0.0
2021-01,pyarrow,3,3,0,0.023809523809523815
2021-01,tensorflow,0,0,0,0.0
2021-01,numpy,5,5,0,0.17124542124542128
2021-01,aiohttp,1,1,0,0.0
2021-01,tensorflow-cpu,0,0,0,0.0
2021-01,tqdm,0,0,0,0.0
2021-01,mlflow,4,0,4,0.11813186813186816
2021-01,clearml,2,0,2,0.016483516483516484
2021-01,streamlit,5,1,4,0.010073260073260074
2021-01,markdown2,0,0,0,0.0
2021-01,cryptography,2,2,0,0.012820512820512822
2021-01,urllib3,2,2,0,0.011904761904761904
2021-01,snowflake-connector-python,5,1,4,0.10805860805860805
2021-01,starlette,0,0,0,0.0
2021-02,deepdiff,2,0,2,0.09890109890109891
2021-02,pyarrow,3,3,0,0.023809523809523815
2021-02,tensorflow,0,0,0,0.0
2021-02,pydantic,1,1,0,0.0
2021-02,numpy,5,5,0,0.2591575091575091
2021-02,aiohttp,1,1,0,0.0
2021-02,tensorflow-cpu,0,0,0,0.0
2021-02,tqdm,0,0,0,0.0
2021-02,mlflow,4,0,4,0.1382783882783883
2021-02,clearml,2,0,2,0.02197802197802198
2021-02,streamlit,5,1,4,0.013736263736263738
2021-02,cryptography,2,2,0,0.012820512820512822
2021-02,urllib3,2,2,0,0.011904761904761904
2021-02,snowflake-connector-python,5,1,4,0.12271062271062272
2021-02,starlette,0,0,0,0.0
2021-03,deepdiff,2,0,2,0.08333333333333333
2021-03,pyarrow,3,3,0,0.027083333333333334
2021-03,tensorflow,0,0,0,0.0
2021-03,pydantic,1,1,0,0.0
2021-03,numpy,5,5,0,0.23263888888888887
2021-03,aiohttp,1,1,0,0.0
2021-03,pyspark,0,0,0,0.0
2021-03,tensorflow-cpu,0,0,0,0.0
2021-03,waitress,1,1,0,0.0
2021-03,tqdm,0,0,0,0.0
2021-03,mlflow,5,0,5,0.18819444444444447
2021-03,clearml,2,0,2,0.01875
2021-03,streamlit,5,1,4,0.010416666666666666
2021-03,cryptography,2,2,0,0.014583333333333334
2021-03,urllib3,2,2,0,0.009027777777777777
2021-03,snowflake-connector-python,5,1,4,0.09930555555555555
2021-03,starlette,0,0,0,0.0
2021-04,deepdiff,2,0,2,0.08333333333333333
2021-04,pyarrow,3,3,0,0.027083333333333334
2021-04,tensorflow,0,0,0,0.0
2021-04,pydantic,1,1,0,0.0
2021-04,numpy,5,5,0,0.23263888888888887
2021-04,aiohttp,1,1,0,0.0
2021-04,pyspark,0,0,0,0.0
2021-04,tensorflow-cpu,0,0,0,0.0
2021-04,waitress,1,1,0,0.0
2021-04,tqdm,0,0,0,0.0
2021-04,mlflow,5,0,5,0.18819444444444447
2021-04,clearml,2,0,2,0.01875
2021-04,streamlit,5,1,4,0.010416666666666666
2021-04,cryptography,2,2,0,0.014583333333333334
2021-04,urllib3,2,2,0,0.009027777777777777
2021-04,snowflake-connector-python,5,1,4,0.09930555555555555
2021-04,starlette,0,0,0,0.0
2021-05,deepdiff,2,0,2,0.07352941176470588
2021-05,pyarrow,3,3,0,0.02389705882352941
2021-05,tensorflow,0,0,0,0.0
2021-05,pydantic,1,1,0,0.0
2021-05,numpy,5,5,0,0.20526960784313725
2021-05,aiohttp,1,1,0,0.0
2021-05,jinja2,1,1,0,0.0
2021-05,pyspark,0,0,0,0.0
2021-05,waitress,1,1,0,0.0
2021-05,tensorflow-cpu,0,0,0,0.0
2021-05,tqdm,0,0,0,0.0
2021-05,mlflow,5,0,5,0.16605392156862747
2021-05,clearml,2,0,2,0.016544117647058824
2021-05,streamlit,5,1,4,0.009191176470588236
2021-05,cryptography,2,2,0,0.012867647058823529
2021-05,urllib3,2,2,0,0.007965686274509803
2021-05,snowflake-connector-python,5,1,4,0.08762254901960784
2021-05,starlette,1,0,1,0.0
2021-06,deepdiff,1,0,1,0.0
2021-06,pyarrow,3,3,0,0.02380952380952381
2021-06,tensorflow,0,0,0,0.0
2021-06,numpy,5,5,0,0.16666666666666669
2021-06,aiohttp,1,1,0,0.0
2021-06,jinja2,1,1,0,0.0
2021-06,pyspark,0,0,0,0.0
2021-06,waitress,1,1,0,0.0
2021-06,tensorflow-cpu,0,0,0,0.0
2021-06,tqdm,0,0,0,0.0
2021-06,mlflow,5,0,5,0.17142857142857143
2021-06,clearml,1,0,1,0.0
2021-06,streamlit,5,1,4,0.009523809523809523
2021-06,cryptography,2,2,0,0.009523809523809525
2021-06,snowflake-connector-python,4,1,3,0.03809523809523809
2021-06,starlette,1,0,1,0.0
2021-07,deepdiff,1,0,1,0.0
2021-07,pyarrow,3,3,0,0.02380952380952381
2021-07,tensorflow,0,0,0,0.0
2021-07,numpy,5,5,0,0.16666666666666669
2021-07,aiohttp,1,1,0,0.0
2021-07,jinja2,1,1,0,0.0
2021-07,pyspark,0,0,0,0.0
2021-07,waitress,1,1,0,0.0
2021-07,tensorflow-cpu,0,0,0,0.0
2021-07,tqdm,0,0,0,0.0
2021-07,mlflow,5,0,5,0.17142857142857143
2021-07,clearml,1,0,1,0.0
2021-07,streamlit,5,1,4,0.009523809523809523
2021-07,cryptography,2,2,0,0.009523809523809525
2021-07,snowflake-connector-python,4,1,3,0.03809523809523809
2021-07,starlette,1,0,1,0.0
2021-08,deepdiff,1,0,1,0.0
2021-08,pyarrow,3,3,0,0.02380952380952381
2021-08,tensorflow,0,0,0,0.0
2021-08,numpy,5,5,0,0.16666666666666669
2021-08,aiohttp,1,1,0,0.0
2021-08,jinja2,1,1,0,0.0
2021-08,pyspark,0,0,0,0.0
2021-08,waitress,1,1,0,0.0
2021-08,tensorflow-cpu,0,0,0,0.0
2021-08,tqdm,0,0,0,0.0
2021-08,mlflow,5,0,5,0.17142857142857143
2021-08,clearml,1,0,1,0.0
2021-08,streamlit,5,1,4,0.009523809523809523
2021-08,cryptography,2,2,0,0.009523809523809525
2021-08,snowflake-connector-python,4,1,3,0.03809523809523809
2021-08,starlette,1,0,1,0.0
2021-09,deepdiff,1,0,1,0.0
2021-09,pyarrow,3,3,0,0.02380952380952381
2021-09,tensorflow,0,0,0,0.0
2021-09,numpy,5,5,0,0.16666666666666669
2021-09,aiohttp,1,1,0,0.0
2021-09,jinja2,1,1,0,0.0
2021-09,pyspark,0,0,0,0.0
2021-09,waitress,1,1,0,0.0
2021-09,tensorflow-cpu,0,0,0,0.0
2021-09,tqdm,0,0,0,0.0
2021-09,mlflow,5,0,5,0.17142857142857143
2021-09,clearml,1,0,1,0.0
2021-09,streamlit,5,1,4,0.009523809523809523
2021-09,cryptography,2,2,0,0.009523809523809525
2021-09,snowflake-connector-python,4,1,3,0.03809523809523809
2021-09,starlette,1,0,1,0.0
2021-10,deepdiff,1,0,1,0.0
2021-10,pyarrow,3,3,0,0.02380952380952381
2021-10,tensorflow,0,0,0,0.0
2021-10,numpy,5,5,0,0.16666666666666669
2021-10,aiohttp,1,1,0,0.0
2021-10,jinja2,1,1,0,0.0
2021-10,pyspark,0,0,0,0.0
2021-10,waitress,1,1,0,0.0
2021-10,tensorflow-cpu,0,0,0,0.0
2021-10,tqdm,0,0,0,0.0
2021-10,mlflow,5,0,5,0.17142857142857143
2021-10,clearml,1,0,1,0.0
2021-10,streamlit,5,1,4,0.009523809523809523
2021-10,cryptography,2,2,0,0.009523809523809525
2021-10,snowflake-connector-python,4,1,3,0.03809523809523809
2021-10,starlette,1,0,1,0.0
2021-11,deepdiff,1,0,1,0.0
2021-11,pyarrow,3,3,0,0.02380952380952381
2021-11,tensorflow,0,0,0,0.0
2021-11,numpy,5,5,0,0.16666666666666669
2021-11,aiohttp,1,1,0,0.0
2021-11,jinja2,1,1,0,0.0
2021-11,pyspark,0,0,0,0.0
2021-11,waitress,1,1,0,0.0
2021-11,tensorflow-cpu,0,0,0,0.0
2021-11,tqdm,0,0,0,0.0
2021-11,mlflow,5,0,5,0.17142857142857143
2021-11,clearml,1,0,1,0.0
2021-11,streamlit,5,1,4,0.009523809523809523
2021-11,cryptography,2,2,0,0.009523809523809525
2021-11,snowflake-connector-python,4,1,3,0.03809523809523809
2021-11,starlette,1,0,1,0.0
2021-12,deepdiff,1,0,1,0.0
2021-12,pyarrow,3,3,0,0.02380952380952381
2021-12,tensorflow,0,0,0,0.0
2021-12,numpy,5,5,0,0.16666666666666669
2021-12,aiohttp,1,1,0,0.0
2021-12,jinja2,1,1,0,0.0
2021-12,pyspark,0,0,0,0.0
2021-12,waitress,1,1,0,0.0
2021-12,tensorflow-cpu,0,0,0,0.0
2021-12,tqdm,0,0,0,0.0
2021-12,mlflow,5,0,5,0.17142857142857143
2021-12,clearml,1,0,1,0.0
2021-12,streamlit,5,1,4,0.009523809523809523
2021-12,cryptography,2,2,0,0.009523809523809525
2021-12,snowflake-connector-python,4,1,3,0.03809523809523809
2021-12,starlette,1,0,1,0.0
2022-01,deepdiff,1,0,1,0.0
2022-01,pyarrow,3,3,0,0.02380952380952381
2022-01,tensorflow,0,0,0,0.0
2022-01,numpy,5,5,0,0.16666666666666669
2022-01,aiohttp,1,1,0,0.0
2022-01,jinja2,1,1,0,0.0
2022-01,pyspark,0,0,0,0.0
2022-01,waitress,1,1,0,0.0
2022-01,tensorflow-cpu,0,0,0,0.0
2022-01,tqdm,0,0,0,0.0
2022-01,mlflow,5,0,5,0.17142857142857143
2022-01,clearml,1,0,1,0.0
2022-01,streamlit,5,1,4,0.009523809523809523
2022-01,cryptography,2,2,0,0.009523809523809525
2022-01,snowflake-connector-python,4,1,3,0.03809523809523809
2022-01,starlette,1,0,1,0.0
2022-02,deepdiff,1,0,1,0.0
2022-02,pyarrow,3,3,0,0.02380952380952381
2022-02,tensorflow,0,0,0,0.0
2022-02,numpy,5,5,0,0.16666666666666669
2022-02,aiohttp,1,1,0,0.0
2022-02,jinja2,1,1,0,0.0
2022-02,pyspark,0,0,0,0.0
2022-02,waitress,1,1,0,0.0
2022-02,tensorflow-cpu,0,0,0,0.0
2022-02,tqdm,0,0,0,0.0
2022-02,mlflow,5,0,5,0.17142857142857143
2022-02,clearml,1,0,1,0.0
2022-02,streamlit,5,1,4,0.009523809523809523
2022-02,cryptography,2,2,0,0.009523809523809525
2022-02,snowflake-connector-python,4,1,3,0.03809523809523809
2022-02,starlette,1,0,1,0.0
2022-03,deepdiff,1,0,1,0.0
2022-03,pyarrow,3,3,0,0.02380952380952381
2022-03,tensorflow,0,0,0,0.0
2022-03,numpy,5,5,0,0.16666666666666669
2022-03,aiohttp,1,1,0,0.0
2022-03,jinja2,1,1,0,0.0
2022-03,pyspark,0,0,0,0.0
2022-03,waitress,1,1,0,0.0
2022-03,tensorflow-cpu,0,0,0,0.0
2022-03,tqdm,0,0,0,0.0
2022-03,mlflow,5,0,5,0.17142857142857143
2022-03,clearml,1,0,1,0.0
2022-03,streamlit,5,1,4,0.009523809523809523
2022-03,cryptography,2,2,0,0.009523809523809525
2022-03,snowflake-connector-python,4,1,3,0.03809523809523809
2022-03,starlette,1,0,1,0.0
2022-04,deepdiff,1,0,1,0.0
2022-04,pyarrow,3,3,0,0.020833333333333332
2022-04,tensorflow,0,0,0,0.0
2022-04,numpy,5,5,0,0.14583333333333334
2022-04,aiohttp,1,1,0,0.0
2022-04,jinja2,1,1,0,0.0
2022-04,pyspark,0,0,0,0.0
2022-04,waitress,1,1,0,0.0
2022-04,tensorflow-cpu,0,0,0,0.0
2022-04,tqdm,0,0,0,0.0
2022-04,mlflow,5,0,5,0.15
2022-04,snowflake-connector-python,4,1,3,0.033333333333333326
2022-04,clearml,1,0,1,0.0
2022-04,streamlit,5,1,4,0.008333333333333331
2022-04,cryptography,2,2,0,0.008333333333333333
2022-04,apache-airflow,0,0,0,0.0
2022-04,starlette,1,0,1,0.0
2022-05,deepdiff,1,0,1,0.0
2022-05,pyarrow,3,3,0,0.020833333333333332
2022-05,tensorflow,0,0,0,0.0
2022-05,numpy,5,5,0,0.14583333333333334
2022-05,aiohttp,1,1,0,0.0
2022-05,jinja2,1,1,0,0.0
2022-05,pyspark,0,0,0,0.0
2022-05,waitress,1,1,0,0.0
2022-05,tensorflow-cpu,0,0,0,0.0
2022-05,tqdm,0,0,0,0.0
2022-05,mlflow,5,0,5,0.15
2022-05,snowflake-connector-python,4,1,3,0.033333333333333326
2022-05,clearml,1,0,1,0.0
2022-05,streamlit,5,1,4,0.008333333333333331
2022-05,cryptography,2,2,0,0.008333333333333333
2022-05,apache-airflow,0,0,0,0.0
2022-05,starlette,1,0,1,0.0
2022-06,deepdiff,1,0,1,0.0
2022-06,pyarrow,3,3,0,0.020833333333333332
2022-06,tensorflow,0,0,0,0.0
2022-06,numpy,5,5,0,0.14583333333333334
2022-06,aiohttp,1,1,0,0.0
2022-06,jinja2,1,1,0,0.0
2022-06,pyspark,0,0,0,0.0
2022-06,waitress,1,1,0,0.0
2022-06,tensorflow-cpu,0,0,0,0.0
2022-06,tqdm,0,0,0,0.0
2022-06,mlflow,5,0,5,0.15
2022-06,snowflake-connector-python,4,1,3,0.033333333333333326
2022-06,clearml,1,0,1,0.0
2022-06,streamlit,5,1,4,0.008333333333333331
2022-06,cryptography,2,2,0,0.008333333333333333
2022-06,apache-airflow,0,0,0,0.0
2022-06,starlette,1,0,1,0.0
2022-07,deepdiff,1,0,1,0.0
2022-07,pyarrow,3,3,0,0.020833333333333332
2022-07,tensorflow,0,0,0,0.0
2022-07,numpy,5,5,0,0.14583333333333334
2022-07,aiohttp,1,1,0,0.0
2022-07,jinja2,1,1,0,0.0
2022-07,pyspark,0,0,0,0.0
2022-07,waitress,1,1,0,0.0
2022-07,tensorflow-cpu,0,0,0,0.0
2022-07,tqdm,0,0,0,0.0
2022-07,mlflow,5,0,5,0.15
2022-07,snowflake-connector-python,4,1,3,0.033333333333333326
2022-07,clearml,1,0,1,0.0
2022-07,streamlit,5,1,4,0.008333333333333331
2022-07,cryptography,2,2,0,0.008333333333333333
2022-07,apache-airflow,0,0,0,0.0
2022-07,starlette,1,0,1,0.0
2022-08,deepdiff,1,0,1,0.0
2022-08,pyarrow,3,3,0,0.02380952380952381
2022-08,tensorflow,0,0,0,0.0
2022-08,numpy,5,5,0,0.16666666666666669
2022-08,aiohttp,1,1,0,0.0
2022-08,jinja2,1,1,0,0.0
2022-08,tensorflow-cpu,0,0,0,0.0
2022-08,waitress,1,1,0,0.0
2022-08,tqdm,0,0,0,0.0
2022-08,snowflake-connector-python,4,1,3,0.03809523809523809
2022-08,mlflow,5,0,5,0.17142857142857143
2022-08,clearml,1,0,1,0.0
2022-08,streamlit,5,1,4,0.009523809523809523
2022-08,cryptography,2,2,0,0.009523809523809523
2022-08,apache-airflow,0,0,0,0.0
2022-08,starlette,1,0,1,0.0
2022-09,deepdiff,1,0,1,0.0
2022-09,pyarrow,3,3,0,0.02380952380952381
2022-09,tensorflow,0,0,0,0.0
2022-09,numpy,5,5,0,0.16666666666666669
2022-09,aiohttp,1,1,0,0.0
2022-09,jinja2,1,1,0,0.0
2022-09,tensorflow-cpu,0,0,0,0.0
2022-09,waitress,1,1,0,0.0
2022-09,tqdm,0,0,0,0.0
2022-09,snowflake-connector-python,4,1,3,0.03809523809523809
2022-09,mlflow,5,0,5,0.17142857142857143
2022-09,clearml,1,0,1,0.0
2022-09,streamlit,5,1,4,0.009523809523809523
2022-09,cryptography,2,2,0,0.009523809523809523
2022-09,apache-airflow,0,0,0,0.0
2022-09,starlette,1,0,1,0.0
2022-10,deepdiff,1,0,1,0.0
2022-10,pyarrow,3,3,0,0.02380952380952381
2022-10,tensorflow,0,0,0,0.0
2022-10,numpy,5,5,0,0.16666666666666669
2022-10,aiohttp,1,1,0,0.0
2022-10,jinja2,1,1,0,0.0
2022-10,tensorflow-cpu,0,0,0,0.0
2022-10,waitress,1,1,0,0.0
2022-10,tqdm,0,0,0,0.0
2022-10,snowflake-connector-python,4,1,3,0.03809523809523809
2022-10,mlflow,5,0,5,0.17142857142857143
2022-10,clearml,1,0,1,0.0
2022-10,streamlit,5,1,4,0.009523809523809523
2022-10,cryptography,2,2,0,0.009523809523809523
2022-10,apache-airflow,0,0,0,0.0
2022-10,starlette,1,0,1,0.0
2022-11,deepdiff,1,0,1,0.0
2022-11,pyarrow,3,3,0,0.02380952380952381
2022-11,tensorflow,0,0,0,0.0
2022-11,numpy,5,5,0,0.16666666666666669
2022-11,aiohttp,1,1,0,0.0
2022-11,jinja2,1,1,0,0.0
2022-11,tensorflow-cpu,0,0,0,0.0
2022-11,waitress,1,1,0,0.0
2022-11,tqdm,0,0,0,0.0
2022-11,snowflake-connector-python,4,1,3,0.03809523809523809
2022-11,mlflow,5,0,5,0.17142857142857143
2022-11,clearml,1,0,1,0.0
2022-11,streamlit,5,1,4,0.009523809523809523
2022-11,cryptography,2,2,0,0.009523809523809523
2022-11,apache-airflow,0,0,0,0.0
2022-11,starlette,1,0,1,0.0
2022-12,deepdiff,1,0,1,0.0
2022-12,pyarrow,3,3,0,0.027472527472527476
2022-12,tensorflow,0,0,0,0.0
2022-12,numpy,5,5,0,0.19230769230769232
2022-12,aiohttp,1,1,0,0.0
2022-12,jinja2,1,1,0,0.0
2022-12,snowflake-connector-python,4,1,3,0.04395604395604395
2022-12,waitress,1,1,0,0.0
2022-12,tqdm,0,0,0,0.0
2022-12,mlflow,5,0,5,0.19780219780219782
2022-12,clearml,1,0,1,0.0
2022-12,streamlit,5,1,4,0.010989010989010988
2022-12,cryptography,2,2,0,0.010989010989010988
2022-12,apache-airflow,0,0,0,0.0
2022-12,starlette,1,0,1,0.0
2023-01,deepdiff,1,0,1,0.0
2023-01,pyarrow,3,3,0,0.027472527472527476
2023-01,tensorflow,0,0,0,0.0
2023-01,numpy,5,5,0,0.19230769230769232
2023-01,aiohttp,1,1,0,0.0
2023-01,jinja2,1,1,0,0.0
2023-01,snowflake-connector-python,4,1,3,0.04395604395604395
2023-01,waitress,1,1,0,0.0
2023-01,tqdm,0,0,0,0.0
2023-01,mlflow,5,0,5,0.19780219780219782
2023-01,clearml,1,0,1,0.0
2023-01,streamlit,5,1,4,0.010989010989010988
2023-01,cryptography,2,2,0,0.010989010989010988
2023-01,apache-airflow,0,0,0,0.0
2023-01,starlette,1,0,1,0.0
2023-02,deepdiff,1,0,1,0.0
2023-02,pyarrow,3,3,0,0.027472527472527476
2023-02,tensorflow,0,0,0,0.0
2023-02,numpy,5,5,0,0.19230769230769232
2023-02,aiohttp,1,1,0,0.0
2023-02,jinja2,1,1,0,0.0
2023-02,snowflake-connector-python,4,1,3,0.04395604395604395
2023-02,waitress,1,1,0,0.0
2023-02,tqdm,0,0,0,0.0
2023-02,mlflow,5,0,5,0.19780219780219782
2023-02,clearml,1,0,1,0.0
2023-02,streamlit,5,1,4,0.010989010989010988
2023-02,cryptography,2,2,0,0.010989010989010988
2023-02,apache-airflow,0,0,0,0.0
2023-02,starlette,1,0,1,0.0
2023-03,deepdiff,1,0,1,0.0
2023-03,pyarrow,3,3,0,0.027472527472527476
2023-03,tensorflow,0,0,0,0.0
2023-03,numpy,5,5,0,0.19230769230769232
2023-03,aiohttp,1,1,0,0.0
2023-03,jinja2,1,1,0,0.0
2023-03,snowflake-connector-python,4,1,3,0.04395604395604395
2023-03,waitress,1,1,0,0.0
2023-03,tqdm,0,0,0,0.0
2023-03,mlflow,5,0,5,0.19780219780219782
2023-03,clearml,1,0,1,0.0
2023-03,streamlit,5,1,4,0.010989010989010988
2023-03,cryptography,2,2,0,0.010989010989010988
2023-03,apache-airflow,0,0,0,0.0
2023-03,starlette,1,0,1,0.0
2023-04,deepdiff,1,0,1,0.0
2023-04,flask,2,1,1,0.18333333333333332
2023-04,pyarrow,3,3,0,0.054166666666666675
2023-04,tensorflow,0,0,0,0.0
2023-04,numpy,5,5,0,0.2409722222222222
2023-04,aiohttp,1,1,0,0.0
2023-04,jinja2,2,2,0,0.1
2023-04,snowflake-connector-python,5,1,4,0.10694444444444444
2023-04,waitress,1,1,0,0.0
2023-04,tqdm,0,0,0,0.0
2023-04,mlflow,6,0,6,0.4145833333333333
2023-04,clearml,2,0,2,0.020833333333333332
2023-04,streamlit,5,1,4,0.007638888888888889
2023-04,cryptography,2,2,0,0.029166666666666664
2023-04,urllib3,2,2,0,0.009027777777777777
2023-04,apache-airflow,0,0,0,0.0
2023-04,starlette,1,0,1,0.0
2023-05,deepdiff,1,0,1,0.0
2023-05,flask,2,1,1,0.18333333333333332
2023-05,pyarrow,3,3,0,0.054166666666666675
2023-05,tensorflow,0,0,0,0.0
2023-05,numpy,5,5,0,0.2409722222222222
2023-05,aiohttp,1,1,0,0.0
2023-05,jinja2,2,2,0,0.1
2023-05,snowflake-connector-python,5,1,4,0.10694444444444444
2023-05,waitress,1,1,0,0.0
2023-05,tqdm,0,0,0,0.0
2023-05,mlflow,6,0,6,0.4145833333333333
2023-05,clearml,2,0,2,0.020833333333333332
2023-05,streamlit,5,1,4,0.007638888888888889
2023-05,cryptography,2,2,0,0.029166666666666664
2023-05,urllib3,2,2,0,0.009027777777777777
2023-05,apache-airflow,0,0,0,0.0
2023-05,starlette,1,0,1,0.0
2023-06,deepdiff,1,0,1,0.0
2023-06,pyarrow,3,3,0,0.027777777777777783
2023-06,tensorflow,0,0,0,0.0
2023-06,numpy,6,6,0,0.3261904761904762
2023-06,aiohttp,2,2,0,0.03015873015873016
2023-06,jinja2,0,0,0,0.0
2023-06,snowflake-connector-python,5,1,4,0.12063492063492064
2023-06,waitress,1,1,0,0.0
2023-06,tqdm,1,1,0,0.0
2023-06,mlflow,5,0,5,0.2063492063492063
2023-06,clearml,2,0,2,0.026984126984126985
2023-06,streamlit,5,1,4,0.013492063492063494
2023-06,cryptography,2,2,0,0.01507936507936508
2023-06,urllib3,2,2,0,0.010317460317460317
2023-06,apache-airflow,0,0,0,0.0
2023-06,vllm,3,0,3,0.12777777777777777
2023-07,deepdiff,1,0,1,0.0
2023-07,pyarrow,3,3,0,0.027777777777777783
2023-07,tensorflow,0,0,0,0.0
2023-07,numpy,6,6,0,0.3261904761904762
2023-07,aiohttp,2,2,0,0.03015873015873016
2023-07,jinja2,0,0,0,0.0
2023-07,snowflake-connector-python,5,1,4,0.12063492063492064
2023-07,waitress,1,1,0,0.0
2023-07,tqdm,1,1,0,0.0
2023-07,mlflow,5,0,5,0.2063492063492063
2023-07,clearml,2,0,2,0.026984126984126985
2023-07,streamlit,5,1,4,0.013492063492063494
2023-07,cryptography,2,2,0,0.01507936507936508
2023-07,urllib3,2,2,0,0.010317460317460317
2023-07,apache-airflow,0,0,0,0.0
2023-07,vllm,3,0,3,0.12777777777777777
2023-08,deepdiff,1,0,1,0.0
2023-08,pyarrow,3,3,0,0.02430555555555556
2023-08,tensorflow,0,0,0,0.0
2023-08,numpy,6,6,0,0.28541666666666665
2023-08,aiohttp,2,2,0,0.02638888888888889
2023-08,jinja2,0,0,0,0.0
2023-08,snowflake-connector-python,5,1,4,0.10555555555555556
2023-08,waitress,1,1,0,0.0
2023-08,tqdm,1,1,0,0.0
2023-08,mlflow,5,0,5,0.1805555555555555
2023-08,clearml,2,0,2,0.023611111111111107
2023-08,streamlit,5,1,4,0.011805555555555555
2023-08,cryptography,2,2,0,0.013194444444444444
2023-08,urllib3,2,2,0,0.009027777777777777
2023-08,apache-airflow,0,0,0,0.0
2023-08,vllm,3,0,3,0.11180555555555553
2023-08,llama-index,0,0,0,0.0
2023-09,deepdiff,1,0,1,0.0
2023-09,pyarrow,3,3,0,0.02430555555555556
2023-09,tensorflow,0,0,0,0.0
2023-09,numpy,6,6,0,0.28541666666666665
2023-09,aiohttp,2,2,0,0.02638888888888889
2023-09,jinja2,0,0,0,0.0
2023-09,snowflake-connector-python,5,1,4,0.10555555555555556
2023-09,waitress,1,1,0,0.0
2023-09,tqdm,1,1,0,0.0
2023-09,mlflow,5,0,5,0.1805555555555555
2023-09,clearml,2,0,2,0.023611111111111107
2023-09,streamlit,5,1,4,0.011805555555555555
2023-09,cryptography,2,2,0,0.013194444444444444
2023-09,urllib3,2,2,0,0.009027777777777777
2023-09,apache-airflow,0,0,0,0.0
2023-09,vllm,3,0,3,0.11180555555555553
2023-09,llama-index,0,0,0,0.0
2023-10,pyarrow,3,3,0,0.026143790849673203
2023-10,tensorflow,0,0,0,0.0
2023-10,langchain,1,1,0,0.0
2023-10,tqdm,1,1,0,0.0
2023-10,clearml,2,0,2,0.026688453159041392
2023-10,streamlit,5,1,4,0.013616557734204794
2023-10,cryptography,2,2,0,0.014161220043572988
2023-10,apache-airflow,0,0,0,0.0
2023-10,llama-index,0,0,0,0.0
2023-10,waitress,1,1,0,0.0
2023-10,vllm,3,0,3,0.11383442265795209
2023-10,numpy,7,7,0,0.4221132897603487
2023-10,aiohttp,2,2,0,0.027233115468409584
2023-10,jinja2,1,1,0,0.0
2023-10,mlflow,6,0,6,0.2636165577342048
2023-10,gradio,2,0,2,0.09150326797385622
2023-10,urllib3,2,2,0,0.007080610021786492
2023-10,snowflake-connector-python,5,1,4,0.105119825708061
2023-10,deepdiff,1,0,1,0.0
2023-11,pyarrow,4,4,0,0.026825396825396825
2023-11,tensorflow,0,0,0,0.0
2023-11,langchain,1,1,0,0.0
2023-11,tqdm,1,1,0,0.0
2023-11,clearml,1,0,1,0.0
2023-11,streamlit,5,1,4,0.008333333333333335
2023-11,cryptography,2,2,0,0.005555555555555556
2023-11,apache-airflow,0,0,0,0.0
2023-11,llama-index,0,0,0,0.0
2023-11,cbor2,1,1,0,0.0
2023-11,ray,4,1,4,0.03960317460317461
2023-11,waitress,1,1,0,0.0
2023-11,vllm,5,1,5,0.16999999999999998
2023-11,numpy,10,10,0,0.4976190476190477
2023-11,aiohttp,3,3,0,0.03190476190476191
2023-11,jinja2,1,1,0,0.0
2023-11,mlflow,6,0,6,0.21944444444444441
2023-11,gradio,2,0,2,0.08095238095238096
2023-11,snowflake-connector-python,4,1,3,0.03880952380952382
2023-11,deepdiff,1,0,1,0.0
2023-11,qiskit,3,1,2,0.0
2023-11,keras,1,0,1,0.0
2023-12,pyarrow,4,4,0,0.01884147598433313
2023-12,tensorflow,1,1,0,0.0
2023-12,tqdm,2,2,0,0.0
2023-12,clearml,1,0,1,0.0
2023-12,streamlit,5,1,4,0.006277056277056278
2023-12,cryptography,3,3,0,0.027829313543599254
2023-12,apache-airflow,0,0,0,0.0
2023-12,llama-index,0,0,0,0.0
2023-12,cbor2,1,1,0,0.0
2023-12,ray,5,2,4,0.05472067614924757
2023-12,waitress,1,1,0,0.0
2023-12,vllm,6,1,6,0.1326221397649969
2023-12,numpy,11,11,0,0.43975468975468973
2023-12,aiohttp,4,4,0,0.05266955266955266
2023-12,jinja2,3,3,0,0.036229643372500515
2023-12,mlflow,5,0,5,0.13694083694083697
2023-12,gradio,2,0,2,0.01690373118944547
2023-12,snowflake-connector-python,4,1,3,0.04065141207998351
2023-12,deepdiff,1,0,1,0.0
2023-12,qiskit,3,1,2,0.0
2023-12,transformers,7,1,6,0.16998556998556996
2023-12,homeassistant,3,0,3,0.02674706246134818
2023-12,keras,2,1,1,0.0
2024-01,pyarrow,5,5,0,0.03364102564102563
2024-01,tensorflow,0,0,0,0.0
2024-01,tqdm,1,1,0,0.0
2024-01,clearml,3,0,3,0.027384615384615393
2024-01,streamlit,7,1,6,0.06794871794871794
2024-01,cryptography,2,2,0,0.004410256410256411
2024-01,apache-airflow,0,0,0,0.0
2024-01,llama-index,0,0,0,0.0
2024-01,cbor2,1,1,0,0.0
2024-01,ray,4,1,4,0.01938461538461539
2024-01,waitress,1,1,0,0.0
2024-01,vllm,6,1,6,0.1404102564102564
2024-01,pillow,7,6,1,0.09389743589743589
2024-01,numpy,11,11,0,0.33410256410256406
2024-01,langchain-core,0,0,0,0.0
2024-01,aiohttp,3,3,0,0.014974358974358974
2024-01,jinja2,1,1,0,0.0
2024-01,mlflow,5,0,5,0.10256410256410259
2024-01,gradio,3,0,3,0.06307692307692307
2024-01,urllib3,2,2,0,0.0025641025641025637
2024-01,snowflake-connector-python,5,1,4,0.0617948717948718
2024-01,embedchain,0,0,0,0.0
2024-01,deepdiff,1,0,1,0.0
2024-01,qiskit,4,1,3,0.0015384615384615382
2024-01,gitpython,1,1,0,0.0
2024-01,keras,1,0,1,0.0
2024-01,paddlepaddle,2,0,2,0.0015384615384615382
2024-02,pyarrow,3,3,0,0.010769230769230769
2024-02,tensorflow,0,0,0,0.0
2024-02,tqdm,1,1,0,0.0
2024-02,clearml,2,0,2,0.022564102564102562
2024-02,cryptography,2,2,0,0.00358974358974359
2024-02,apache-airflow,0,0,0,0.0
2024-02,llama-index,0,0,0,0.0
2024-02,python-multipart,1,1,0,0.0
2024-02,cbor2,1,1,0,0.0
2024-02,ray,3,1,3,0.020256410256410267
2024-02,waitress,1,1,0,0.0
2024-02,onnx,1,0,1,0.0
2024-02,vllm,4,1,4,0.11384615384615385
2024-02,numpy,11,11,0,0.473076923076923
2024-02,langchain-core,1,1,0,0.0
2024-02,jinja2,1,1,0,0.0
2024-02,mlflow,4,0,4,0.09358974358974362
2024-02,gradio,4,0,4,0.13846153846153847
2024-02,orjson,2,2,0,0.004615384615384615
2024-02,urllib3,2,2,0,0.003333333333333333
2024-02,snowflake-connector-python,4,0,4,0.06974358974358975
2024-02,weasyprint,0,0,0,0.0
2024-02,deepdiff,2,0,2,0.024615384615384615
2024-02,qiskit,3,1,2,0.0
2024-02,langchain-experimental,1,0,1,0.0
2024-02,keras,1,0,1,0.0
2024-02,paddlepaddle,1,0,1,0.0
2024-03,pyarrow,3,3,0,0.01383399209486166
2024-03,tensorflow,0,0,0,0.0
2024-03,tqdm,1,1,0,0.0
2024-03,clearml,2,0,2,0.023056653491436097
2024-03,cryptography,2,2,0,0.00461133069828722
2024-03,apache-airflow,0,0,0,0.0
2024-03,llama-index,0,0,0,0.0
2024-03,ray,3,1,3,0.019433465085639003
2024-03,waitress,1,1,0,0.0
2024-03,onnx,1,0,1,0.0
2024-03,vllm,3,1,3,0.06324110671936758
2024-03,numpy,11,11,0,0.43972332015810267
2024-03,langchain-core,0,0,0,0.0
2024-03,jinja2,1,1,0,0.0
2024-03,mlflow,4,0,4,0.099802371541502
2024-03,gradio,2,0,2,0.06324110671936758
2024-03,urllib3,2,2,0,0.004281949934123846
2024-03,snowflake-connector-python,4,0,4,0.07509881422924901
2024-03,weasyprint,0,0,0,0.0
2024-03,deepdiff,1,0,1,0.0
2024-03,qiskit,3,1,2,0.0
2024-03,black,0,0,0,0.0
2024-03,keras,1,0,1,0.0
2024-03,paddlepaddle,1,0,1,0.0
2024-04,pyarrow,4,4,0,0.05769497169497169
2024-04,tensorflow,0,0,0,0.0
2024-04,tqdm,1,1,0,0.0
2024-04,clearml,3,0,3,0.031324009324009326
2024-04,cryptography,3,3,0,0.018053946053946054
2024-04,litellm,5,0,5,0.04066799866799866
2024-04,apache-airflow,0,0,0,0.0
2024-04,llama-index,0,0,0,0.0
2024-04,ray,4,1,4,0.01541058941058941
2024-04,waitress,1,1,0,0.0
2024-04,vllm,5,1,5,0.0897915417915418
2024-04,pillow,7,6,1,0.1188438228438228
2024-04,numpy,10,10,0,0.30992007992007986
2024-04,langchain-core,0,0,0,0.0
2024-04,aiohttp,4,4,0,0.03692307692307691
2024-04,jinja2,2,2,0,0.008307692307692308
2024-04,gunicorn,2,2,0,0.0
2024-04,mlflow,8,1,7,0.22833499833499835
2024-04,gradio,3,0,3,0.041384615384615374
2024-04,urllib3,2,2,0,0.0025641025641025637
2024-04,snowflake-connector-python,4,0,4,0.05493240093240094
2024-04,weasyprint,1,0,1,0.0
2024-04,deepdiff,1,0,1,0.0
2024-04,qiskit,4,1,3,0.0036923076923076922
2024-04,flask-cors,1,1,0,0.0
2024-04,keras,1,0,1,0.0
2024-04,paddlepaddle,2,0,2,0.0036923076923076922
2024-05,pyarrow,3,3,0,0.011487179487179486
2024-05,tensorflow,1,1,0,0.0
2024-05,tqdm,3,2,1,0.0038461538461538464
2024-05,clearml,3,0,3,0.007362637362637364
2024-05,cryptography,3,3,0,0.00882051282051282
2024-05,litellm,3,0,3,0.010871794871794871
2024-05,apache-airflow,1,1,0,0.0
2024-05,llama-index,0,0,0,0.0
2024-05,ray,4,1,4,0.01802930402930403
2024-05,waitress,1,1,0,0.0
2024-05,sagemaker,9,0,9,0.24887912087912084
2024-05,vllm,4,1,4,0.01197802197802198
2024-05,numpy,12,12,0,0.40417582417582426
2024-05,langchain-core,1,1,0,0.0
2024-05,jinja2,3,3,0,0.020183150183150183
2024-05,mlflow,7,2,5,0.2275897435897436
2024-05,gradio,2,0,2,0.011384615384615385
2024-05,urllib3,4,4,0,0.009846153846153845
2024-05,snowflake-connector-python,5,0,5,0.05243956043956045
2024-05,weasyprint,0,0,0,0.0
2024-05,deepdiff,2,1,1,0.0
2024-05,qiskit,3,1,2,0.0
2024-05,langchain-community,3,0,3,0.07326007326007325
2024-05,flask-cors,1,1,0,0.0
2024-05,requests,8,7,1,0.08600000000000001
2024-05,keras,1,0,1,0.0
2024-05,paddlepaddle,1,0,1,0.0
2024-06,pyarrow,3,3,0,0.01129032258064516
2024-06,tensorflow,0,0,0,0.0
2024-06,langchain,3,1,2,0.028934971838197647
2024-06,clearml,2,0,2,0.01935483870967742
2024-06,tornado,0,0,0,0.0
2024-06,cryptography,5,5,0,0.07850486431131593
2024-06,litellm,4,0,4,0.03278545826932922
2024-06,apache-airflow,1,0,1,0.0
2024-06,llama-index,1,0,1,0.0
2024-06,ray,3,1,3,0.011541218637992833
2024-06,waitress,1,1,0,0.0
2024-06,onnx,2,1,1,0.0
2024-06,lightning,2,0,2,0.0
2024-06,vllm,2,1,2,0.0
2024-06,numpy,15,15,0,0.6011725550435228
2024-06,langchain-core,3,3,0,0.0048079877112135174
2024-06,jinja2,2,2,0,0.0032258064516129032
2024-06,mlflow,6,1,5,0.19392217101894518
2024-06,gradio,3,0,3,0.10681003584229391
2024-06,nltk,2,1,1,0.05806451612903226
2024-06,urllib3,2,2,0,0.0028673835125448033
2024-06,snowflake-connector-python,4,0,4,0.0764362519201229
2024-06,weasyprint,0,0,0,0.0
2024-06,deepdiff,1,0,1,0.0
2024-06,azure-identity,2,1,1,0.0
2024-06,qiskit,3,1,2,0.0
2024-06,langchain-community,4,2,2,0.10469022017409113
2024-06,langchain-experimental,2,0,2,0.0
2024-06,authlib,3,2,1,0.06129032258064516
2024-06,keras,1,0,1,0.0
2024-06,paddlepaddle,1,0,1,0.0
2024-06,skops,1,0,1,0.0
2024-07,sentry-sdk,3,0,3,0.015152851263962375
2024-07,pyarrow,3,3,0,0.007863021751910641
2024-07,tensorflow,0,0,0,0.0
2024-07,clearml,2,0,2,0.02251826656588561
2024-07,cryptography,3,3,0,0.00720164609053498
2024-07,litellm,5,1,4,0.043843957336020825
2024-07,apache-airflow,0,0,0,0.0
2024-07,llama-index,1,0,1,0.0
2024-07,ray,4,1,4,0.02914672041656167
2024-07,waitress,1,1,0,0.0
2024-07,onnx,2,1,1,0.0
2024-07,lightning,2,0,2,0.0
2024-07,vllm,3,1,3,0.011745191903922063
2024-07,numpy,15,15,0,0.5784685479129923
2024-07,langchain-core,1,1,0,0.0
2024-07,aiohttp,6,6,0,0.07168682287729905
2024-07,jinja2,2,2,0,0.0067019400352733675
2024-07,mlflow,6,1,5,0.15072436381960191
2024-07,gradio,2,0,2,0.03571428571428571
2024-07,nltk,2,1,1,0.06349206349206349
2024-07,urllib3,3,3,0,0.018522717729066947
2024-07,snowflake-connector-python,4,0,4,0.06303854875283443
2024-07,weasyprint,0,0,0,0.0
2024-07,deepdiff,1,0,1,0.0
2024-07,qiskit,3,1,2,0.0
2024-07,langchain-community,3,0,3,0.0752372553959856
2024-07,keras,1,0,1,0.0
2024-07,paddlepaddle,1,0,1,0.0
2024-07,skops,1,0,1,0.0
2024-08,tensorflow,0,0,0,0.0
2024-08,clearml,2,0,2,0.024777691444358114
2024-08,cryptography,4,4,0,0.03191253191253192
2024-08,litellm,4,0,4,0.029440929440929447
2024-08,open-webui,4,0,4,0.029345962679296008
2024-08,apache-airflow,0,0,0,0.0
2024-08,llama-index,1,0,1,0.0
2024-08,ray,3,1,3,0.007192807192807193
2024-08,waitress,1,1,0,0.0
2024-08,onnx,1,0,1,0.0
2024-08,vllm,3,1,3,0.007192807192807193
2024-08,numpy,14,14,0,0.5557417890751225
2024-08,langchain-core,1,1,0,0.0
2024-08,aiohttp,6,6,0,0.058024691358024696
2024-08,jinja2,2,2,0,0.004368471035137701
2024-08,mlflow,6,1,5,0.17585500918834251
2024-08,gradio,2,0,2,0.03751187084520419
2024-08,nltk,3,2,1,0.07834757834757836
2024-08,urllib3,2,2,0,0.0023741690408357074
2024-08,snowflake-connector-python,3,0,3,0.05186048519381852
2024-08,weasyprint,0,0,0,0.0
2024-08,deepdiff,1,0,1,0.0
2024-08,qiskit,3,1,2,0.0
2024-08,langchain-community,4,1,3,0.08554038554038555
2024-08,flask-cors,1,1,0,0.0
2024-08,keras,1,0,1,0.0
2024-08,paddlepaddle,1,0,1,0.0
2024-08,skops,1,0,1,0.0
2024-09,tensorflow,0,0,0,0.0
2024-09,clearml,2,0,2,0.025252525252525252
2024-09,cryptography,4,4,0,0.028113861447194778
2024-09,litellm,4,0,4,0.0302956302956303
2024-09,open-webui,4,0,4,0.035043968377301705
2024-09,apache-airflow,0,0,0,0.0
2024-09,llama-index,1,0,1,0.0
2024-09,ray,4,1,4,0.04057362390695724
2024-09,waitress,1,1,0,0.0
2024-09,vllm,3,1,3,0.006385589718923052
2024-09,numpy,13,13,0,0.5244977244977246
2024-09,langchain-core,2,2,0,0.0
2024-09,aiohttp,6,6,0,0.0660968660968661
2024-09,jinja2,3,3,0,0.011396011396011397
2024-09,mlflow,5,1,4,0.10809622476289144
2024-09,gradio,3,0,3,0.05413105413105413
2024-09,nltk,3,2,1,0.07692307692307693
2024-09,urllib3,2,2,0,0.0023741690408357074
2024-09,snowflake-connector-python,3,0,3,0.04996114996114996
2024-09,weasyprint,0,0,0,0.0
2024-09,deepdiff,1,0,1,0.0
2024-09,qiskit,3,1,2,0.0
2024-09,langchain-community,5,2,3,0.1431377264710598
2024-09,langchain-experimental,2,0,2,0.0
2024-09,keras,1,0,1,0.0
2024-09,paddlepaddle,1,0,1,0.0
2024-09,starlette,3,2,1,0.005698005698005697
2024-09,skops,1,0,1,0.0
2024-10,xhtml2pdf,0,0,0,0.0
2024-10,tensorflow,0,0,0,0.0
2024-10,clearml,2,0,2,0.024827024827024823
2024-10,cryptography,4,4,0,0.02475071225071225
2024-10,litellm,4,0,4,0.030629930034691933
2024-10,open-webui,4,0,4,0.025181454348121014
2024-10,llama-index,2,0,2,0.0
2024-10,llama-index-core,4,1,3,0.039695864100626005
2024-10,ray,4,1,4,0.03853058317344031
2024-10,waitress,1,1,0,0.0
2024-10,vllm,3,1,3,0.004819320890749463
2024-10,numpy,14,14,0,0.5184087737659167
2024-10,langchain-core,2,2,0,0.0
2024-10,aiohttp,7,7,0,0.08725749559082892
2024-10,jinja2,3,3,0,0.010519022423784328
2024-10,mlflow,5,1,4,0.10160571351047543
2024-10,gradio,3,0,3,0.05132275132275132
2024-10,nltk,4,3,1,0.040299823633156956
2024-10,urllib3,2,2,0,0.002204585537918871
2024-10,snowflake-connector-python,3,0,3,0.04810066476733142
2024-10,weasyprint,0,0,0,0.0
2024-10,deepdiff,1,0,1,0.0
2024-10,qiskit,3,1,2,0.0
2024-10,langchain-community,5,2,3,0.13709445316588176
2024-10,langchain-experimental,2,0,2,0.0
2024-10,keras,1,0,1,0.0
2024-10,paddlepaddle,1,0,1,0.0
2024-10,starlette,3,2,1,0.005228017132779037
2024-10,skops,1,0,1,0.0
2024-11,flask,2,1,1,0.0012626262626262625
2024-11,tensorflow,1,1,0,0.0
2024-11,xhtml2pdf,0,0,0,0.0
2024-11,clearml,3,0,3,0.016035353535353535
2024-11,tornado,0,0,0,0.0
2024-11,cryptography,5,5,0,0.009785353535353536
2024-11,litellm,5,0,5,0.02001713564213565
2024-11,open-webui,6,0,6,0.054011093073593086
2024-11,apache-airflow,0,0,0,0.0
2024-11,llama-index,2,0,2,0.0
2024-11,llama-index-core,4,1,3,0.024388979076479075
2024-11,ray,5,2,4,0.016878607503607507
2024-11,vllm,4,1,4,0.005370670995670996
2024-11,lightgbm,1,0,1,0.0
2024-11,numpy,16,16,0,0.41335903679653674
2024-11,langchain-core,2,2,0,0.0
2024-11,aiohttp,7,7,0,0.05224116161616164
2024-11,jinja2,5,5,0,0.031015512265512267
2024-11,mlflow,5,1,4,0.06103670634920637
2024-11,gradio,3,0,3,0.01499368686868687
2024-11,nltk,5,4,1,0.04027777777777778
2024-11,urllib3,3,3,0,0.006218434343434344
2024-11,snowflake-connector-python,4,0,4,0.026767676767676763
2024-11,weasyprint,0,0,0,0.0
2024-11,deepdiff,1,0,1,0.0
2024-11,qiskit,3,1,2,0.0
2024-11,langchain-community,5,2,3,0.1096793831168831
2024-11,transformers,10,2,8,0.14641729797979802
2024-11,pyjwt,5,4,1,0.011873196248196249
2024-11,langchain-experimental,2,0,2,0.0
2024-11,keras,2,1,1,0.0
2024-11,paddlepaddle,1,0,1,0.0
2024-11,starlette,4,3,1,0.004658189033189032
2024-11,skops,1,0,1,0.0
2024-12,flask,2,1,1,0.0021538461538461538
2024-12,tensorflow,1,1,0,0.0
2024-12,xhtml2pdf,0,0,0,0.0
2024-12,clearml,2,0,2,0.007282051282051281
2024-12,cryptography,4,4,0,0.021794871794871797
2024-12,litellm,3,0,3,0.008564102564102564
2024-12,open-webui,3,0,3,0.019743589743589748
2024-12,llama-index,2,0,2,0.0
2024-12,llama-index-core,3,1,2,0.018717948717948716
2024-12,ray,4,2,3,0.00958974358974359
2024-12,vllm,3,1,3,0.0
2024-12,lightgbm,1,0,1,0.0
2024-12,numpy,14,14,0,0.4454871794871796
2024-12,jinja2,5,5,0,0.05415384615384615
2024-12,mlflow,4,1,3,0.08051282051282052
2024-12,gradio,3,0,3,0.018564102564102566
2024-12,nltk,5,4,1,0.06512820512820514
2024-12,urllib3,3,3,0,0.013076923076923076
2024-12,snowflake-connector-python,3,0,3,0.027538461538461536
2024-12,weasyprint,0,0,0,0.0
2024-12,deepdiff,1,0,1,0.0
2024-12,transformers,10,2,8,0.21143589743589744
2024-12,langchain-experimental,0,0,0,0.0
2024-12,keras,2,1,1,0.0
2024-12,paddlepaddle,1,0,1,0.0
2024-12,starlette,4,3,1,0.008564102564102564
2024-12,skops,1,0,1,0.0
2025-01,flask,1,1,0,0.0
2025-01,tensorflow,1,1,0,0.0
2025-01,xhtml2pdf,0,0,0,0.0
2025-01,clearml,2,0,2,0.011926739926739927
2025-01,cryptography,5,5,0,0.055831501831501824
2025-01,litellm,2,0,2,0.0
2025-01,open-webui,3,0,3,0.029413919413919416
2025-01,llama-index,2,0,2,0.0
2025-01,llama-index-core,3,1,2,0.019487179487179485
2025-01,ray,4,2,3,0.011794871794871795
2025-01,vllm,3,1,3,0.0
2025-01,lightgbm,1,0,1,0.0
2025-01,numpy,14,14,0,0.48435164835164835
2025-01,mlflow,4,1,3,0.12864468864468867
2025-01,gradio,2,0,2,0.010256410256410256
2025-01,nltk,5,4,1,0.06446886446886448
2025-01,urllib3,4,4,0,0.05098901098901099
2025-01,snowflake-connector-python,3,0,3,0.035135531135531146
2025-01,weasyprint,0,0,0,0.0
2025-01,deepdiff,1,0,1,0.0
2025-01,transformers,9,2,7,0.18416117216117212
2025-01,langchain-experimental,0,0,0,0.0
2025-01,homeassistant,2,0,2,0.005076923076923077
2025-01,keras,2,1,1,0.0
2025-01,paddlepaddle,1,0,1,0.0
2025-01,starlette,3,3,0,0.006923076923076923
2025-01,skops,1,0,1,0.0
2025-02,flask,1,1,0,0.0
2025-02,tensorflow,1,1,0,0.0
2025-02,xhtml2pdf,0,0,0,0.0
2025-02,clearml,2,0,2,0.019833333333333338
2025-02,cryptography,4,4,0,0.04688888888888889
2025-02,litellm,2,0,2,0.0
2025-02,open-webui,3,0,3,0.03427777777777778
2025-02,llama-index,2,0,2,0.0
2025-02,llama-index-core,3,1,2,0.019444444444444445
2025-02,ray,4,2,3,0.011944444444444445
2025-02,vllm,3,1,3,0.0
2025-02,lightgbm,1,0,1,0.0
2025-02,numpy,13,13,0,0.4742222222222222
2025-02,mlflow,4,1,3,0.15177777777777776
2025-02,gradio,2,0,2,0.01027777777777778
2025-02,nltk,5,4,1,0.06938888888888889
2025-02,urllib3,3,3,0,0.04922222222222222
2025-02,weasyprint,0,0,0,0.0
2025-02,deepdiff,1,0,1,0.0
2025-02,transformers,9,2,7,0.20411111111111113
2025-02,langchain-experimental,0,0,0,0.0
2025-02,homeassistant,2,0,2,0.010555555555555556
2025-02,keras,2,1,1,0.0
2025-02,paddlepaddle,1,0,1,0.0
2025-02,starlette,3,3,0,0.008055555555555555
2025-02,skops,1,0,1,0.0
2025-03,flask,3,2,1,0.018850574712643682
2025-03,tensorflow,1,1,0,0.0
2025-03,xhtml2pdf,0,0,0,0.0
2025-03,clearml,2,0,2,0.009313081554460863
2025-03,litellm,2,0,2,0.0031417624521072798
2025-03,open-webui,2,0,2,0.0
2025-03,torch,5,4,1,0.018122605363984676
2025-03,llama-index,2,0,2,0.0
2025-03,llama-index-core,3,1,2,0.017241379310344827
2025-03,ray,5,3,3,0.008390804597701147
2025-03,pytorch-lightning,2,0,2,0.004559386973180077
2025-03,vllm,4,1,4,0.005325670498084292
2025-03,numpy,16,16,0,0.4494143404488233
2025-03,jinja2,8,8,0,0.11588943623426382
2025-03,mlflow,4,1,3,0.09003831417624521
2025-03,gradio,4,1,3,0.022547892720306512
2025-03,nltk,5,4,1,0.05850574712643677
2025-03,urllib3,4,4,0,0.025632183908045978
2025-03,weasyprint,0,0,0,0.0
2025-03,deepdiff,1,0,1,0.0
2025-03,qiskit,3,1,2,0.0
2025-03,rembg,2,0,2,0.0
2025-03,flask-cors,2,1,1,0.0
2025-03,transformers,12,3,9,0.20462506841817196
2025-03,langchain-experimental,0,0,0,0.0
2025-03,homeassistant,2,0,2,0.003393541324575807
2025-03,keras,2,1,1,0.0
2025-03,paddlepaddle,1,0,1,0.0
2025-03,feast,8,1,7,0.031001642036124797
2025-03,starlette,4,3,1,0.005960591133004926
2025-03,skops,1,0,1,0.0
2025-04,flask,2,2,0,0.0
2025-04,tensorflow,1,1,0,0.0
2025-04,xhtml2pdf,0,0,0,0.0
2025-04,clearml,2,0,2,0.014480286738351252
2025-04,litellm,2,1,1,0.004147465437788018
2025-04,open-webui,2,0,2,0.0
2025-04,apache-airflow,0,0,0,0.0
2025-04,torch,6,6,0,0.015161290322580645
2025-04,llama-index,2,0,2,0.0
2025-04,llama-index-core,3,1,2,0.015412186379928316
2025-04,ray,5,3,3,0.00931899641577061
2025-04,pytorch-lightning,2,0,2,0.003558627752176138
2025-04,vllm,5,1,5,0.004992319508448541
2025-04,numpy,17,17,0,0.46300051203277004
2025-04,xgrammar,4,1,3,0.003558627752176138
2025-04,mlflow,4,1,3,0.11953405017921147
2025-04,gradio,3,1,2,0.00878136200716846
2025-04,nltk,6,5,1,0.059498207885304646
2025-04,urllib3,4,4,0,0.06093189964157706
2025-04,weasyprint,0,0,0,0.0
2025-04,deepdiff,1,0,1,0.0
2025-04,rembg,2,0,2,0.0
2025-04,flask-cors,2,1,1,0.0
2025-04,transformers,13,5,8,0.2039733742959549
2025-04,langchain-experimental,0,0,0,0.0
2025-04,crawl4ai,5,0,5,0.0443548387096774
2025-04,homeassistant,1,0,1,0.0
2025-04,keras,2,1,1,0.0
2025-04,paddlepaddle,1,0,1,0.0
2025-04,feast,7,1,6,0.02418586789554531
2025-04,starlette,3,3,0,0.005325140809011777
2025-04,skops,1,0,1,0.0
2025-05,flask,2,2,0,0.0
2025-05,tensorflow,0,0,0,0.0
2025-05,xhtml2pdf,0,0,0,0.0
2025-05,clearml,2,0,2,0.03792114695340502
2025-05,tornado,0,0,0,0.0
2025-05,litellm,2,1,1,0.004516129032258064
2025-05,open-webui,1,0,1,0.0
2025-05,apache-airflow,0,0,0,0.0
2025-05,browser-use,1,0,1,0.0
2025-05,torch,4,4,0,0.013046594982078852
2025-05,llama-index,2,0,2,0.0
2025-05,llama-index-core,3,1,2,0.02043010752688172
2025-05,ray,4,2,3,0.03082437275985663
2025-05,pytorch-lightning,2,0,2,0.006451612903225807
2025-05,vllm,3,1,3,0.008602150537634409
2025-05,numpy,16,16,0,0.5177777777777778
2025-05,mlflow,4,1,3,0.11534050179211469
2025-05,gradio,3,1,2,0.02043010752688172
2025-05,nltk,5,4,1,0.0807168458781362
2025-05,urllib3,3,3,0,0.05311827956989247
2025-05,weasyprint,0,0,0,0.0
2025-05,deepdiff,1,0,1,0.0
2025-05,rembg,2,0,2,0.0
2025-05,flask-cors,2,1,1,0.0
2025-05,langchain-experimental,0,0,0,0.0
2025-05,crawl4ai,4,0,4,0.043369175627240145
2025-05,homeassistant,1,0,1,0.0
2025-05,keras,1,0,1,0.0
2025-05,paddlepaddle,1,0,1,0.0
2025-05,feast,6,1,5,0.06573476702508961
2025-05,starlette,2,2,0,0.001075268817204301
2025-05,skops,1,0,1,0.0
2025-06,xhtml2pdf,0,0,0,0.0
2025-06,tensorflow,0,0,0,0.0
2025-06,clearml,3,0,3,0.016098173856794545
2025-06,tornado,0,0,0,0.0
2025-06,litellm,2,1,1,0.002221724635517739
2025-06,open-webui,2,0,2,0.0
2025-06,apache-airflow,0,0,0,0.0
2025-06,torch,4,4,0,0.006568144499178982
2025-06,llama-index,2,0,2,0.0
2025-06,llama-index-core,4,1,3,0.025256257152808884
2025-06,ray,5,2,4,0.04139423794596209
2025-06,pytorch-lightning,3,0,3,0.011818928198238541
2025-06,vllm,4,1,4,0.01428198238543066
2025-06,numpy,15,15,0,0.3682303328855053
2025-06,mlflow,2,1,1,0.013711001642036124
2025-06,gradio,3,1,2,0.015763546798029555
2025-06,nltk,6,4,2,0.0607105538140021
2025-06,urllib3,4,4,0,0.00790167686719411
2025-06,weasyprint,0,0,0,0.0
2025-06,deepdiff,1,0,1,0.0
2025-06,rembg,2,0,2,0.0
2025-06,langchain-experimental,0,0,0,0.0
2025-06,requests,11,10,1,0.13146613922475991
2025-06,crawl4ai,5,0,5,0.056514653928447046
2025-06,homeassistant,2,0,2,0.0
2025-06,keras,1,0,1,0.0
2025-06,paddlepaddle,1,0,1,0.0
2025-06,feast,7,1,6,0.031752251579837784
2025-06,starlette,2,2,0,0.0017291137980793153
2025-06,skops,1,0,1,0.0
2025-07,xhtml2pdf,1,0,1,0.0
2025-07,tensorflow,0,0,0,0.0
2025-07,clearml,2,0,2,0.006495595585714392
2025-07,tornado,0,0,0,0.0
2025-07,litellm,3,1,2,0.0017412800664032189
2025-07,open-webui,3,0,3,0.014854111405835542
2025-07,apache-airflow,0,0,0,0.0
2025-07,torch,4,4,0,0.010705661574974814
2025-07,llama-index,1,0,1,0.0
2025-07,ray,5,2,4,0.035266865366836396
2025-07,pytorch-lightning,2,0,2,0.004144186410196262
2025-07,vllm,5,1,5,0.03195325875708373
2025-07,pillow,11,11,0,0.18721005643636765
2025-07,numpy,14,14,0,0.31551488853720083
2025-07,aiohttp,8,8,0,0.06056702964121104
2025-07,num2words,0,0,0,0.0
2025-07,mlflow,3,1,2,0.012278359619709953
2025-07,gradio,4,1,3,0.03276817358243032
2025-07,nltk,4,3,1,0.07019704433497537
2025-07,weasyprint,1,0,1,0.0
2025-07,deepdiff,1,0,1,0.0
2025-07,rembg,4,0,4,0.01589407646347664
2025-07,langchain-experimental,0,0,0,0.0
2025-07,crawl4ai,6,0,6,0.07170767511248534
2025-07,homeassistant,2,0,2,0.002538840469874953
2025-07,keras,1,0,1,0.0
2025-07,paddlepaddle,2,0,2,0.006495595585714392
2025-07,feast,6,1,5,0.02237666065542043
2025-07,starlette,2,2,0,0.0012315270935960591
2025-07,skops,1,0,1,0.0
2025-08,xhtml2pdf,1,0,1,0.0
2025-08,tensorflow,0,0,0,0.0
2025-08,clearml,1,0,1,0.0
2025-08,tornado,0,0,0,0.0
2025-08,litellm,2,1,1,0.0016420361247947454
2025-08,apache-airflow,0,0,0,0.0
2025-08,open-webui,2,0,2,0.09852216748768473
2025-08,torch,5,5,0,0.013957307060755333
2025-08,llama-index,1,0,1,0.0
2025-08,ray,4,2,3,0.02832512315270936
2025-08,pytorch-lightning,2,0,2,0.0043513957307060765
2025-08,vllm,4,1,4,0.008866995073891626
2025-08,numpy,15,15,0,0.44088669950738923
2025-08,xgrammar,3,1,2,0.0043513957307060765
2025-08,num2words,0,0,0,0.0
2025-08,mlflow,2,1,1,0.015599343185550084
2025-08,gradio,3,1,2,0.021756978653530375
2025-08,nltk,4,3,1,0.18472906403940886
2025-08,weasyprint,0,0,0,0.0
2025-08,deepdiff,1,0,1,0.0
2025-08,rembg,2,0,2,0.0
2025-08,langchain-experimental,0,0,0,0.0
2025-08,crawl4ai,4,0,4,0.05073891625615766
2025-08,homeassistant,0,0,0,0.0
2025-08,keras,1,0,1,0.0
2025-08,pypdf,2,2,0,0.05172413793103448
2025-08,paddlepaddle,1,0,1,0.0
2025-08,feast,5,1,4,0.006814449917898195
2025-08,starlette,2,2,0,0.0012315270935960591
2025-08,skops,1,0,1,0.0
2025-09,xhtml2pdf,0,0,0,0.0
2025-09,tensorflow,0,0,0,0.0
2025-09,clearml,1,0,1,0.0
2025-09,tornado,0,0,0,0.0
2025-09,litellm,3,2,1,0.003533026113671275
2025-09,open-webui,2,0,2,0.014951356886840758
2025-09,apache-airflow,1,0,1,0.0
2025-09,torch,6,6,0,0.02222222222222222
2025-09,llama-index,1,0,1,0.0
2025-09,ray,4,2,3,0.023655913978494623
2025-09,skops,1,0,1,0.0
2025-09,pytorch-lightning,2,0,2,0.0037890424987199163
2025-09,vllm,4,1,4,0.007731694828469024
2025-09,numpy,16,16,0,0.43778801843317977
2025-09,xgrammar,4,2,2,0.004505888376856118
2025-09,num2words,0,0,0,0.0
2025-09,mlflow,2,1,1,0.015770609318996417
2025-09,gradio,4,1,3,0.09651817716333845
2025-09,nltk,4,3,1,0.09344598054275473
2025-09,weasyprint,0,0,0,0.0
2025-09,deepdiff,1,0,1,0.0
2025-09,sglang,3,0,3,0.0037890424987199163
2025-09,rembg,2,0,2,0.0
2025-09,langchain-experimental,0,0,0,0.0
2025-09,crawl4ai,5,1,4,0.08571428571428567
2025-09,authlib,3,3,0,0.054838709677419356
2025-09,homeassistant,0,0,0,0.0
2025-09,keras,1,0,1,0.0
2025-09,paddlepaddle,1,0,1,0.0
2025-09,feast,5,1,4,0.005939580133128522
2025-09,starlette,2,2,0,0.0032258064516129032
2025-09,agno,4,1,3,0.0
2025-10,xhtml2pdf,1,0,1,0.0
2025-10,tensorflow,0,0,0,0.0
2025-10,clearml,1,0,1,0.0
2025-10,tornado,0,0,0,0.0
2025-10,litellm,3,2,1,0.005040322580645161
2025-10,open-webui,3,0,3,0.055275537634408595
2025-10,apache-airflow,1,0,1,0.0
2025-10,torch,5,5,0,0.024529569892473117
2025-10,llama-index,1,0,1,0.0
2025-10,ray,4,2,3,0.018783602150537634
2025-10,skops,1,0,1,0.0
2025-10,pytorch-lightning,2,0,2,0.003595430107526882
2025-10,vllm,3,1,3,0.005611559139784948
2025-10,numpy,14,14,0,0.38551747311827955
2025-10,num2words,0,0,0,0.0
2025-10,mlflow,3,1,2,0.03676075268817204
2025-10,gradio,5,1,4,0.10084005376344084
2025-10,nltk,4,3,1,0.09895833333333333
2025-10,brotli,2,2,0,0.005779569892473117
2025-10,weasyprint,0,0,0,0.0
2025-10,rembg,2,0,2,0.0
2025-10,sglang,2,0,2,0.003595430107526882
2025-10,langchain-experimental,0,0,0,0.0
2025-10,crawl4ai,6,1,5,0.12510080645161292
2025-10,authlib,4,4,0,0.07745295698924728
2025-10,homeassistant,0,0,0,0.0
2025-10,fastmcp,3,2,1,0.01881720430107527
2025-10,keras,1,0,1,0.0
2025-10,pypdf,3,3,0,0.05342741935483871
2025-10,paddlepaddle,1,0,1,0.0
2025-10,feast,5,1,4,0.005611559139784948
2025-10,starlette,2,2,0,0.0036962365591397847
2025-10,agno,6,1,5,0.06031586021505376
2025-11,xhtml2pdf,0,0,0,0.0
2025-11,tensorflow,0,0,0,0.0
2025-11,clearml,1,0,1,0.0
2025-11,tornado,0,0,0,0.0
2025-11,litellm,2,1,1,0.0037439613526570044
2025-11,open-webui,1,0,1,0.0
2025-11,torch,4,4,0,0.01751207729468599
2025-11,llama-index,1,0,1,0.0
2025-11,ray,3,2,2,0.0012077294685990338
2025-11,pytorch-lightning,2,0,2,0.0068840579710144935
2025-11,vllm,3,1,3,0.008695652173913045
2025-11,numpy,13,13,0,0.41582125603864734
2025-11,num2words,0,0,0,0.0
2025-11,mlflow,2,1,1,0.01751207729468599
2025-11,gradio,3,1,2,0.019323671497584544
2025-11,nltk,4,3,1,0.11956521739130435
2025-11,brotli,2,2,0,0.0037439613526570044
2025-11,weasyprint,0,0,0,0.0
2025-11,rembg,2,0,2,0.0
2025-11,langchain-experimental,0,0,0,0.0
2025-11,crawl4ai,5,0,5,0.09468599033816426
2025-11,keras,1,0,1,0.0
2025-11,paddlepaddle,1,0,1,0.0
2025-11,feast,5,1,4,0.008695652173913045
2025-11,skops,1,0,1,0.0
